Local time,Open,High,Low,Close,Volume
21.09.2020 23:00:00.000 GMT+0200,27.314,27.670,27.203,27.574,32.5415
22.09.2020 23:00:00.000 GMT+0200,27.761,27.909,27.489,27.545,104.4868
23.09.2020 23:00:00.000 GMT+0200,27.296,27.562,27.108,27.384,178.68689999999998
24.09.2020 23:00:00.000 GMT+0200,27.410,27.507,26.762,27.319,226.95759999999999
25.09.2020 23:00:00.000 GMT+0200,27.319,27.319,27.319,27.319,0
26.09.2020 23:00:00.000 GMT+0200,27.319,27.319,27.319,27.319,0
27.09.2020 23:00:00.000 GMT+0200,27.658,28.087,27.313,27.862,78.51180000000002
28.09.2020 23:00:00.000 GMT+0200,27.842,28.129,27.688,27.882,165.5102
29.09.2020 23:00:00.000 GMT+0200,27.753,28.060,27.631,27.913,172.7699
30.09.2020 23:00:00.000 GMT+0200,28.056,28.475,27.954,28.243,142.4766
01.10.2020 23:00:00.000 GMT+0200,28.002,28.200,27.776,27.901,138.2207
02.10.2020 23:00:00.000 GMT+0200,27.901,27.901,27.901,27.901,0
03.10.2020 23:00:00.000 GMT+0200,27.901,27.901,27.901,27.901,0
04.10.2020 23:00:00.000 GMT+0200,28.185,28.548,28.094,28.324,124.35990000000001
05.10.2020 23:00:00.000 GMT+0200,28.435,28.523,28.098,28.236,83.6723
06.10.2020 23:00:00.000 GMT+0200,28.229,28.399,27.956,28.150,107.4716
07.10.2020 23:00:00.000 GMT+0200,28.284,28.660,28.226,28.489,81.97699999999999
08.10.2020 23:00:00.000 GMT+0200,28.442,29.041,28.408,28.833,93.54250000000002
09.10.2020 23:00:00.000 GMT+0200,28.833,28.833,28.833,28.833,0
10.10.2020 23:00:00.000 GMT+0200,28.833,28.833,28.833,28.833,0
11.10.2020 23:00:00.000 GMT+0200,28.867,29.368,28.737,29.142,65.502
12.10.2020 23:00:00.000 GMT+0200,29.181,29.280,28.918,29.035,72.2456
13.10.2020 23:00:00.000 GMT+0200,29.009,29.431,28.914,29.045,66.0573
14.10.2020 23:00:00.000 GMT+0200,28.843,28.859,28.179,28.505,107.17880000000001
15.10.2020 23:00:00.000 GMT+0200,28.565,28.969,28.473,28.727,90.4855
16.10.2020 23:00:00.000 GMT+0200,28.727,28.727,28.727,28.727,0
17.10.2020 23:00:00.000 GMT+0200,28.727,28.727,28.727,28.727,0
18.10.2020 23:00:00.000 GMT+0200,28.744,28.905,28.531,28.615,119.1445
19.10.2020 23:00:00.000 GMT+0200,28.416,28.687,28.041,28.282,107.70830000000001
20.10.2020 23:00:00.000 GMT+0200,28.334,28.334,27.590,27.742,95.6734
21.10.2020 23:00:00.000 GMT+0200,27.567,27.860,27.321,27.661,105.14250000000001
22.10.2020 23:00:00.000 GMT+0200,27.635,27.786,27.256,27.466,94.1982
23.10.2020 23:00:00.000 GMT+0200,27.466,27.466,27.466,27.466,0
24.10.2020 23:00:00.000 GMT+0200,27.466,27.466,27.466,27.466,0
25.10.2020 22:00:00.000 GMT+0100,26.695,27.041,26.365,26.466,146.4353
26.10.2020 22:00:00.000 GMT+0100,26.651,26.843,26.121,26.392,145.965
27.10.2020 22:00:00.000 GMT+0100,26.088,26.267,25.528,25.607,194.10719999999998
28.10.2020 22:00:00.000 GMT+0100,25.725,26.002,25.443,25.749,188.71040000000002
29.10.2020 22:00:00.000 GMT+0100,25.388,25.867,25.348,25.488,168.0269
30.10.2020 22:00:00.000 GMT+0100,25.488,25.488,25.488,25.488,0
31.10.2020 22:00:00.000 GMT+0100,25.488,27.919,25.488,27.919,0
01.11.2020 23:00:00.000 GMT+0100,27.919,27.919,27.919,27.919,0
02.11.2020 23:00:00.000 GMT+0100,27.919,27.919,27.919,27.919,0
03.11.2020 23:00:00.000 GMT+0100,27.919,27.919,27.919,27.919,0
04.11.2020 23:00:00.000 GMT+0100,27.919,27.919,27.919,27.919,0
05.11.2020 23:00:00.000 GMT+0100,27.919,27.919,27.919,27.919,0
06.11.2020 23:00:00.000 GMT+0100,27.919,27.919,27.919,27.919,0
07.11.2020 23:00:00.000 GMT+0100,27.919,27.919,27.919,27.919,0
08.11.2020 23:00:00.000 GMT+0100,27.919,27.919,27.919,27.919,0
09.11.2020 23:00:00.000 GMT+0100,27.919,27.919,27.919,27.919,0
10.11.2020 23:00:00.000 GMT+0100,27.919,27.919,27.919,27.919,0
11.11.2020 23:00:00.000 GMT+0100,27.919,27.919,27.919,27.919,0
12.11.2020 23:00:00.000 GMT+0100,27.919,27.919,27.919,27.919,0
13.11.2020 23:00:00.000 GMT+0100,27.919,27.919,27.919,27.919,0
14.11.2020 23:00:00.000 GMT+0100,27.919,27.919,27.919,27.919,0
15.11.2020 23:00:00.000 GMT+0100,27.919,27.919,27.919,27.919,0
16.11.2020 23:00:00.000 GMT+0100,27.919,27.919,27.919,27.919,0
17.11.2020 23:00:00.000 GMT+0100,27.919,27.919,27.919,27.919,0
18.11.2020 23:00:00.000 GMT+0100,27.919,27.919,27.919,27.919,0
19.11.2020 23:00:00.000 GMT+0100,27.919,27.919,27.919,27.919,0
20.11.2020 23:00:00.000 GMT+0100,27.919,27.919,27.919,27.919,0
21.11.2020 23:00:00.000 GMT+0100,27.919,27.919,27.919,27.919,0
22.11.2020 23:00:00.000 GMT+0100,27.919,28.064,27.443,27.757,60.9489
23.11.2020 23:00:00.000 GMT+0100,27.936,27.938,27.202,27.436,67.3021
24.11.2020 23:00:00.000 GMT+0100,27.500,27.861,27.361,27.650,69.92479999999999
25.11.2020 23:00:00.000 GMT+0100,27.770,28.210,27.697,27.977,64.8541
26.11.2020 23:00:00.000 GMT+0100,27.990,28.420,27.851,28.328,82.56939999999999
27.11.2020 23:00:00.000 GMT+0100,28.328,28.328,28.328,28.328,0
28.11.2020 23:00:00.000 GMT+0100,28.328,28.328,28.328,28.328,0
29.11.2020 23:00:00.000 GMT+0100,28.252,29.068,28.239,28.571,90.4031
30.11.2020 23:00:00.000 GMT+0100,28.571,28.886,28.571,28.886,0
01.12.2020 23:00:00.000 GMT+0100,28.886,28.886,28.886,28.886,0
02.12.2020 23:00:00.000 GMT+0100,28.886,28.886,28.886,28.886,0
03.12.2020 23:00:00.000 GMT+0100,28.886,28.886,28.886,28.886,0
04.12.2020 23:00:00.000 GMT+0100,28.886,28.886,28.886,28.886,0
05.12.2020 23:00:00.000 GMT+0100,28.886,28.886,28.886,28.886,0
06.12.2020 23:00:00.000 GMT+0100,28.886,28.886,28.886,28.886,0
07.12.2020 23:00:00.000 GMT+0100,28.886,28.886,28.886,28.886,0
08.12.2020 23:00:00.000 GMT+0100,28.886,28.886,28.886,28.886,0
09.12.2020 23:00:00.000 GMT+0100,28.886,28.886,28.886,28.886,0
10.12.2020 23:00:00.000 GMT+0100,28.886,28.886,28.886,28.886,0
11.12.2020 23:00:00.000 GMT+0100,28.886,28.886,28.886,28.886,0
12.12.2020 23:00:00.000 GMT+0100,28.886,28.886,28.886,28.886,0
13.12.2020 23:00:00.000 GMT+0100,28.886,28.886,28.886,28.886,0
14.12.2020 23:00:00.000 GMT+0100,28.886,28.886,28.886,28.886,0
15.12.2020 23:00:00.000 GMT+0100,28.886,28.886,28.886,28.886,0
16.12.2020 23:00:00.000 GMT+0100,28.886,28.886,28.886,28.886,0
17.12.2020 23:00:00.000 GMT+0100,28.886,28.886,28.886,28.886,0
18.12.2020 23:00:00.000 GMT+0100,28.886,28.886,28.886,28.886,0
19.12.2020 23:00:00.000 GMT+0100,28.886,28.886,28.886,28.886,0
20.12.2020 23:00:00.000 GMT+0100,28.886,28.886,28.886,28.886,0
21.12.2020 23:00:00.000 GMT+0100,28.886,28.886,28.886,28.886,0
22.12.2020 23:00:00.000 GMT+0100,28.886,29.037,28.817,28.862,15.55
23.12.2020 23:00:00.000 GMT+0100,28.861,28.861,28.861,28.861,0.01
24.12.2020 23:00:00.000 GMT+0100,28.861,28.861,28.861,28.861,0.01
25.12.2020 23:00:00.000 GMT+0100,28.861,28.861,28.861,28.861,0
26.12.2020 23:00:00.000 GMT+0100,28.861,28.861,28.861,28.861,0
27.12.2020 23:00:00.000 GMT+0100,29.112,29.286,29.072,29.136,19.28
28.12.2020 23:00:00.000 GMT+0100,29.277,29.437,29.141,29.207,29.530000000000005
29.12.2020 23:00:00.000 GMT+0100,29.242,29.337,29.191,29.272,23.919999999999998
30.12.2020 23:00:00.000 GMT+0100,29.272,29.272,29.272,29.272,0
31.12.2020 23:00:00.000 GMT+0100,29.272,29.272,29.272,29.272,0
01.01.2021 23:00:00.000 GMT+0100,29.272,29.272,29.272,29.272,0
02.01.2021 23:00:00.000 GMT+0100,29.272,29.272,29.272,29.272,0
03.01.2021 23:00:00.000 GMT+0100,29.516,29.597,29.361,29.446,23.22
04.01.2021 23:00:00.000 GMT+0100,29.417,29.637,29.381,29.487,31.919999999999998
05.01.2021 23:00:00.000 GMT+0100,29.436,29.506,29.241,29.416,31.550000000000004
06.01.2021 23:00:00.000 GMT+0100,29.376,29.541,29.231,29.487,24.830000000000002
07.01.2021 23:00:00.000 GMT+0100,29.821,29.986,29.767,29.792,30.39
08.01.2021 23:00:00.000 GMT+0100,29.792,29.792,29.792,29.792,0
09.01.2021 23:00:00.000 GMT+0100,29.792,29.792,29.792,29.792,0
10.01.2021 23:00:00.000 GMT+0100,29.942,29.942,29.551,29.702,32.410000000000004
11.01.2021 23:00:00.000 GMT+0100,29.611,29.777,29.607,29.682,29.709999999999997
12.01.2021 23:00:00.000 GMT+0100,29.647,29.962,29.611,29.896,30.21
13.01.2021 23:00:00.000 GMT+0100,29.882,29.942,29.796,29.831,26.900000000000002
14.01.2021 23:00:00.000 GMT+0100,29.716,29.842,29.456,29.531,54.970000000000006
15.01.2021 23:00:00.000 GMT+0100,29.531,29.531,29.531,29.531,0
16.01.2021 23:00:00.000 GMT+0100,29.531,29.531,29.531,29.531,0
17.01.2021 23:00:00.000 GMT+0100,29.496,29.757,29.496,29.662,36.260000000000005
18.01.2021 23:00:00.000 GMT+0100,29.697,30.107,29.696,30.042,31
19.01.2021 23:00:00.000 GMT+0100,30.132,30.482,30.107,30.401,21.880000000000003
20.01.2021 23:00:00.000 GMT+0100,30.577,30.722,30.547,30.646,32.11
21.01.2021 23:00:00.000 GMT+0100,30.571,30.607,30.282,30.531,31.150000000000002
22.01.2021 23:00:00.000 GMT+0100,30.531,30.531,30.531,30.531,0
23.01.2021 23:00:00.000 GMT+0100,30.531,30.531,30.531,30.531,0
24.01.2021 23:00:00.000 GMT+0100,30.691,30.787,30.376,30.462,42.580000000000005
25.01.2021 23:00:00.000 GMT+0100,30.481,30.851,30.451,30.776,36.91
26.01.2021 23:00:00.000 GMT+0100,30.952,31.122,30.287,30.781,60.67
27.01.2021 23:00:00.000 GMT+0100,30.402,30.926,29.966,30.851,64.87
28.01.2021 23:00:00.000 GMT+0100,30.577,30.867,30.461,30.591,56.46000000000001
29.01.2021 23:00:00.000 GMT+0100,30.591,30.591,30.591,30.591,0
30.01.2021 23:00:00.000 GMT+0100,30.591,30.591,30.591,30.591,0
31.01.2021 23:00:00.000 GMT+0100,30.786,31.066,30.752,30.987,44.92999999999999
01.02.2021 23:00:00.000 GMT+0100,31.207,31.542,31.207,31.532,29.450000000000003
02.02.2021 23:00:00.000 GMT+0100,31.642,31.827,31.596,31.672,38.71
03.02.2021 23:00:00.000 GMT+0100,31.642,31.922,31.536,31.731,42.49
04.02.2021 23:00:00.000 GMT+0100,31.896,31.992,31.756,31.776,27.12
05.02.2021 23:00:00.000 GMT+0100,31.776,31.776,31.776,31.776,0
06.02.2021 23:00:00.000 GMT+0100,31.776,31.776,31.776,31.776,0
07.02.2021 23:00:00.000 GMT+0100,32.096,32.127,31.896,31.971,68.72999999999999
08.02.2021 23:00:00.000 GMT+0100,31.996,31.997,31.701,31.707,55.68999999999999
09.02.2021 23:00:00.000 GMT+0100,31.742,31.827,31.356,31.532,32.769999999999996
10.02.2021 23:00:00.000 GMT+0100,31.531,32.077,31.531,32.046,28.099999999999998
11.02.2021 23:00:00.000 GMT+0100,32.016,32.171,31.966,32.147,30.53
12.02.2021 23:00:00.000 GMT+0100,32.147,32.147,32.147,32.147,0
13.02.2021 23:00:00.000 GMT+0100,32.147,32.147,32.147,32.147,0
14.02.2021 23:00:00.000 GMT+0100,32.311,32.462,32.216,32.402,37.65
15.02.2021 23:00:00.000 GMT+0100,32.446,32.687,32.446,32.557,22.45
16.02.2021 23:00:00.000 GMT+0100,32.297,32.417,32.072,32.077,60.61
17.02.2021 23:00:00.000 GMT+0100,32.128,32.258,31.747,31.778,90.495
18.02.2021 23:00:00.000 GMT+0100,31.893,32.013,31.817,31.872,92.655
19.02.2021 23:00:00.000 GMT+0100,31.872,31.872,31.872,31.872,0
20.02.2021 23:00:00.000 GMT+0100,31.872,31.872,31.872,31.872,0
21.02.2021 23:00:00.000 GMT+0100,31.597,31.597,31.317,31.367,104.99
22.02.2021 23:00:00.000 GMT+0100,31.262,31.268,29.897,30.522,122.6575
23.02.2021 23:00:00.000 GMT+0100,30.597,30.788,30.313,30.497,84.5475
24.02.2021 23:00:00.000 GMT+0100,30.806,30.812,30.427,30.543,87.94000000000001
25.02.2021 23:00:00.000 GMT+0100,30.006,30.493,30.006,30.266,139.95499999999996
26.02.2021 23:00:00.000 GMT+0100,30.266,30.266,30.266,30.266,0
27.02.2021 23:00:00.000 GMT+0100,30.266,30.266,30.266,30.266,0
28.02.2021 23:00:00.000 GMT+0100,30.797,30.833,30.397,30.581,102.8375
01.03.2021 23:00:00.000 GMT+0100,30.597,30.868,30.497,30.547,174.66250000000002
02.03.2021 23:00:00.000 GMT+0100,30.558,30.642,29.852,30.077,101.535
03.03.2021 23:00:00.000 GMT+0100,29.852,29.998,29.392,29.612,142.6175
04.03.2021 23:00:00.000 GMT+0100,29.393,29.633,29.112,29.112,117.3125
05.03.2021 23:00:00.000 GMT+0100,29.112,29.112,29.112,29.112,0
06.03.2021 23:00:00.000 GMT+0100,29.112,29.112,29.112,29.112,0
07.03.2021 23:00:00.000 GMT+0100,29.363,29.548,29.042,29.523,104.82499999999999
08.03.2021 23:00:00.000 GMT+0100,29.392,30.198,29.257,29.963,99.97500000000001
09.03.2021 23:00:00.000 GMT+0100,30.002,30.213,29.902,29.972,94.6475
10.03.2021 23:00:00.000 GMT+0100,29.947,30.552,29.947,30.443,73.6675
11.03.2021 23:00:00.000 GMT+0100,30.198,30.428,30.107,30.177,74.97500000000001
12.03.2021 23:00:00.000 GMT+0100,30.177,30.177,30.177,30.177,0
13.03.2021 23:00:00.000 GMT+0100,30.177,30.177,30.177,30.177,0
14.03.2021 22:00:00.000 GMT+0100,30.187,30.453,30.177,30.363,62.974999999999994
15.03.2021 22:00:00.000 GMT+0100,30.509,30.834,30.388,30.683,95.4025
16.03.2021 22:00:00.000 GMT+0100,30.697,30.724,30.433,30.543,60.82
17.03.2021 22:00:00.000 GMT+0100,30.832,31.079,30.748,30.838,73.02499999999999
18.03.2021 22:00:00.000 GMT+0100,30.504,30.874,30.428,30.564,189.06
19.03.2021 22:00:00.000 GMT+0100,30.564,30.564,30.564,30.564,0
20.03.2021 22:00:00.000 GMT+0100,30.564,30.564,30.564,30.564,0
21.03.2021 22:00:00.000 GMT+0100,30.528,30.869,30.458,30.847,110.28749999999998
22.03.2021 22:00:00.000 GMT+0100,30.842,31.159,30.668,30.988,110.545
23.03.2021 22:00:00.000 GMT+0100,30.829,31.087,30.598,30.604,90.25000000000001
24.03.2021 22:00:00.000 GMT+0100,30.212,30.469,30.078,30.303,149.875
25.03.2021 22:00:00.000 GMT+0100,30.608,30.644,30.444,30.593,97.4675
26.03.2021 22:00:00.000 GMT+0100,30.593,30.593,30.593,30.593,0
27.03.2021 22:00:00.000 GMT+0100,30.593,30.593,30.593,30.593,0
28.03.2021 23:00:00.000 GMT+0200,30.798,30.829,30.444,30.509,106.94749999999999
29.03.2021 23:00:00.000 GMT+0200,30.563,30.564,30.363,30.479,103.13499999999998
30.03.2021 23:00:00.000 GMT+0200,30.494,30.829,30.473,30.754,108.815
31.03.2021 23:00:00.000 GMT+0200,30.934,31.204,30.927,31.158,79.51
01.04.2021 23:00:00.000 GMT+0200,31.158,31.158,31.158,31.158,0
02.04.2021 23:00:00.000 GMT+0200,31.158,31.158,31.158,31.158,0
03.04.2021 23:00:00.000 GMT+0200,31.158,31.158,31.158,31.158,0
04.04.2021 23:00:00.000 GMT+0200,31.158,31.158,31.158,31.158,0
05.04.2021 23:00:00.000 GMT+0200,31.409,31.424,31.174,31.274,127.68499999999999
06.04.2021 23:00:00.000 GMT+0200,31.293,31.334,31.128,31.223,42.584999999999994
07.04.2021 23:00:00.000 GMT+0200,31.213,31.534,31.213,31.444,39.847500000000004
08.04.2021 23:00:00.000 GMT+0200,31.438,31.584,31.318,31.524,37.4875
09.04.2021 23:00:00.000 GMT+0200,31.524,31.524,31.524,31.524,0
10.04.2021 23:00:00.000 GMT+0200,31.524,31.524,31.524,31.524,0
11.04.2021 23:00:00.000 GMT+0200,31.534,31.624,31.208,31.293,70.535
12.04.2021 23:00:00.000 GMT+0200,31.307,31.674,31.273,31.549,66.245
13.04.2021 23:00:00.000 GMT+0200,31.678,31.834,31.518,31.529,74.43249999999999
14.04.2021 23:00:00.000 GMT+0200,31.563,31.919,31.498,31.859,74.645
15.04.2021 23:00:00.000 GMT+0200,31.852,31.993,31.753,31.898,101.30000000000001
16.04.2021 23:00:00.000 GMT+0200,31.898,31.898,31.898,31.898,0
17.04.2021 23:00:00.000 GMT+0200,31.898,31.898,31.898,31.898,0
18.04.2021 23:00:00.000 GMT+0200,32.004,32.049,31.783,31.813,58.6075
19.04.2021 23:00:00.000 GMT+0200,31.663,31.879,31.323,31.378,136.4475
20.04.2021 23:00:00.000 GMT+0200,31.608,31.644,31.299,31.458,148.9525
21.04.2021 23:00:00.000 GMT+0200,31.648,31.988,31.613,31.923,338.31999999999994
22.04.2021 23:00:00.000 GMT+0200,31.883,31.958,31.632,31.827,270.56000000000006
23.04.2021 23:00:00.000 GMT+0200,31.827,31.827,31.827,31.827,0
24.04.2021 23:00:00.000 GMT+0200,31.827,31.827,31.827,31.827,0
25.04.2021 23:00:00.000 GMT+0200,31.887,32.097,31.847,31.967,168.56999999999996
26.04.2021 23:00:00.000 GMT+0200,31.938,32.178,31.897,32.037,139.54749999999999
27.04.2021 23:00:00.000 GMT+0200,32.052,32.052,31.757,31.807,163.715
28.04.2021 23:00:00.000 GMT+0200,31.918,32.088,31.522,31.593,196.4425
29.04.2021 23:00:00.000 GMT+0200,31.692,31.912,31.582,31.718,159.265
30.04.2021 23:00:00.000 GMT+0200,31.718,31.718,31.718,31.718,0
01.05.2021 23:00:00.000 GMT+0200,31.718,31.718,31.718,31.718,0
02.05.2021 23:00:00.000 GMT+0200,31.793,31.962,31.673,31.808,181.12500000000003
03.05.2021 23:00:00.000 GMT+0200,31.637,31.713,30.692,30.703,502.0475
04.05.2021 23:00:00.000 GMT+0200,31.003,31.247,30.997,31.087,182.95749999999998
05.05.2021 23:00:00.000 GMT+0200,31.087,31.107,30.497,30.613,289.1375
06.05.2021 23:00:00.000 GMT+0200,30.833,31.028,30.602,30.982,198.4225
07.05.2021 23:00:00.000 GMT+0200,30.982,30.982,30.982,30.982,0
08.05.2021 23:00:00.000 GMT+0200,30.982,30.982,30.982,30.982,0
09.05.2021 23:00:00.000 GMT+0200,30.788,30.802,30.397,30.413,280.54499999999996
10.05.2021 23:00:00.000 GMT+0200,29.938,29.938,29.332,29.772,569.0675
11.05.2021 23:00:00.000 GMT+0200,29.917,29.948,29.528,29.537,585.4775
12.05.2021 23:00:00.000 GMT+0200,29.247,29.833,29.067,29.682,524.06
13.05.2021 23:00:00.000 GMT+0200,29.907,30.112,29.708,30.092,296.45500000000004
14.05.2021 23:00:00.000 GMT+0200,30.092,30.092,30.092,30.092,0
15.05.2021 23:00:00.000 GMT+0200,30.092,30.092,30.092,30.092,0
16.05.2021 23:00:00.000 GMT+0200,30.248,30.348,30.082,30.193,282.6275
17.05.2021 23:00:00.000 GMT+0200,30.213,30.333,30.012,30.162,337.8125
18.05.2021 23:00:00.000 GMT+0200,29.767,29.893,29.607,29.827,457.2975
19.05.2021 23:00:00.000 GMT+0200,29.988,30.453,29.942,30.447,393.045
20.05.2021 23:00:00.000 GMT+0200,30.532,30.633,30.433,30.473,398.15500000000003
21.05.2021 23:00:00.000 GMT+0200,30.473,30.473,30.473,30.473,0
22.05.2021 23:00:00.000 GMT+0200,30.473,30.473,30.473,30.473,0
23.05.2021 23:00:00.000 GMT+0200,30.473,30.473,30.473,30.473,0
24.05.2021 23:00:00.000 GMT+0200,30.733,30.803,30.578,30.708,302.09250000000003
25.05.2021 23:00:00.000 GMT+0200,30.808,31.013,30.768,30.773,335.015
26.05.2021 23:00:00.000 GMT+0200,30.727,30.783,30.478,30.598,296.49
27.05.2021 23:00:00.000 GMT+0200,30.603,31.093,30.552,30.967,255.1025
28.05.2021 23:00:00.000 GMT+0200,30.967,30.967,30.967,30.967,0
29.05.2021 23:00:00.000 GMT+0200,30.967,30.967,30.967,30.967,0
30.05.2021 23:00:00.000 GMT+0200,30.998,31.073,30.872,30.872,179.14999999999998
31.05.2021 23:00:00.000 GMT+0200,31.007,31.203,30.797,30.878,278.14750000000004
01.06.2021 23:00:00.000 GMT+0200,30.868,30.922,30.398,30.418,223.15999999999997
02.06.2021 23:00:00.000 GMT+0200,30.448,30.498,30.088,30.372,253.04
03.06.2021 23:00:00.000 GMT+0200,30.387,30.663,30.272,30.603,271.2975
04.06.2021 23:00:00.000 GMT+0200,30.603,30.603,30.603,30.603,0
05.06.2021 23:00:00.000 GMT+0200,30.603,30.603,30.603,30.603,0
06.06.2021 23:00:00.000 GMT+0200,30.618,30.727,30.412,30.693,245.35499999999996
07.06.2021 23:00:00.000 GMT+0200,30.633,30.952,30.622,30.678,285.9725
08.06.2021 23:00:00.000 GMT+0200,30.597,30.868,30.597,30.842,256.05
09.06.2021 23:00:00.000 GMT+0200,30.942,31.147,30.777,31.108,285.31250000000006
10.06.2021 23:00:00.000 GMT+0200,31.193,31.498,31.172,31.402,248.18
11.06.2021 23:00:00.000 GMT+0200,31.402,31.402,31.402,31.402,0
12.06.2021 23:00:00.000 GMT+0200,31.402,31.402,31.402,31.402,0
13.06.2021 23:00:00.000 GMT+0200,31.542,31.828,31.542,31.752,301.2799999999999
14.06.2021 23:00:00.000 GMT+0200,31.838,31.953,31.697,31.698,187.67000000000002
15.06.2021 23:00:00.000 GMT+0200,31.593,31.772,31.498,31.652,216.62
16.06.2021 23:00:00.000 GMT+0200,31.438,31.698,31.262,31.653,210.735
17.06.2021 23:00:00.000 GMT+0200,31.793,31.863,31.532,31.537,321.4725
18.06.2021 23:00:00.000 GMT+0200,31.537,31.537,31.537,31.537,0
19.06.2021 23:00:00.000 GMT+0200,31.537,31.537,31.537,31.537,0
20.06.2021 23:00:00.000 GMT+0200,31.292,31.593,31.267,31.488,379.6275
21.06.2021 23:00:00.000 GMT+0200,31.493,31.783,31.418,31.773,218.24250000000004
22.06.2021 23:00:00.000 GMT+0200,31.767,31.788,31.482,31.522,249.18
23.06.2021 23:00:00.000 GMT+0200,31.548,32.118,31.517,31.938,250.03999999999996
24.06.2021 23:00:00.000 GMT+0200,31.938,32.227,31.852,32.198,270.625
25.06.2021 23:00:00.000 GMT+0200,32.198,32.198,32.198,32.198,0
26.06.2021 23:00:00.000 GMT+0200,32.198,32.198,32.198,32.198,0
27.06.2021 23:00:00.000 GMT+0200,32.138,32.463,32.093,32.343,294.6825
28.06.2021 23:00:00.000 GMT+0200,32.418,32.698,32.412,32.602,268.945
29.06.2021 23:00:00.000 GMT+0200,32.693,32.733,32.217,32.222,410.60999999999996
30.06.2021 23:00:00.000 GMT+0200,32.338,32.383,31.842,32.088,407.3125
01.07.2021 23:00:00.000 GMT+0200,32.183,32.317,32.137,32.198,180.53749999999997
02.07.2021 23:00:00.000 GMT+0200,32.198,32.198,32.198,32.198,0
03.07.2021 23:00:00.000 GMT+0200,32.198,32.198,32.198,32.198,0
04.07.2021 23:00:00.000 GMT+0200,32.248,32.258,32.048,32.232,191.8825
05.07.2021 23:00:00.000 GMT+0200,32.333,32.593,32.187,32.488,425.0225
06.07.2021 23:00:00.000 GMT+0200,32.533,33.053,32.482,32.913,494.2249999999999
07.07.2021 23:00:00.000 GMT+0200,32.597,32.793,32.162,32.397,532.0475
08.07.2021 23:00:00.000 GMT+0200,32.513,32.733,32.377,32.547,414.8225
09.07.2021 23:00:00.000 GMT+0200,32.547,32.547,32.547,32.547,0
10.07.2021 23:00:00.000 GMT+0200,32.547,32.547,32.547,32.547,0
11.07.2021 23:00:00.000 GMT+0200,32.703,33.108,32.688,32.793,456.4875
12.07.2021 23:00:00.000 GMT+0200,32.682,32.968,32.517,32.908,259.6075
13.07.2021 23:00:00.000 GMT+0200,32.947,32.978,32.632,32.958,302.47999999999996
14.07.2021 23:00:00.000 GMT+0200,32.778,32.888,32.553,32.672,365.33750000000003
15.07.2021 23:00:00.000 GMT+0200,32.702,32.813,32.548,32.637,429.67749999999995
16.07.2021 23:00:00.000 GMT+0200,32.637,32.637,32.637,32.637,0
17.07.2021 23:00:00.000 GMT+0200,32.637,32.637,32.637,32.637,0
18.07.2021 23:00:00.000 GMT+0200,32.477,32.508,31.858,32.167,555.53
19.07.2021 23:00:00.000 GMT+0200,32.348,32.498,32.122,32.268,516.8925
20.07.2021 23:00:00.000 GMT+0200,32.362,32.598,32.217,32.468,477.9025
21.07.2021 23:00:00.000 GMT+0200,32.617,33.008,32.523,32.952,379.93499999999995
22.07.2021 23:00:00.000 GMT+0200,33.112,33.233,32.987,33.147,222.70999999999998
23.07.2021 23:00:00.000 GMT+0200,33.147,33.147,33.147,33.147,0
24.07.2021 23:00:00.000 GMT+0200,33.147,33.147,33.147,33.147,0
25.07.2021 23:00:00.000 GMT+0200,32.998,33.238,32.852,32.903,223.65750000000003
26.07.2021 23:00:00.000 GMT+0200,32.752,32.992,32.647,32.747,333.28499999999997
27.07.2021 23:00:00.000 GMT+0200,32.777,33.133,32.737,33.083,293.41999999999996
28.07.2021 23:00:00.000 GMT+0200,33.228,33.298,33.097,33.238,316.4975
29.07.2021 23:00:00.000 GMT+0200,32.842,33.372,32.798,33.278,357.2949999999999
30.07.2021 23:00:00.000 GMT+0200,33.278,33.278,33.278,33.278,0
31.07.2021 23:00:00.000 GMT+0200,33.278,33.278,33.278,33.278,0
01.08.2021 23:00:00.000 GMT+0200,33.472,33.633,33.138,33.612,305.13249999999994
02.08.2021 23:00:00.000 GMT+0200,33.432,33.768,33.382,33.637,381.91499999999996
03.08.2021 23:00:00.000 GMT+0200,33.697,34.098,33.667,33.992,296.965
04.08.2021 23:00:00.000 GMT+0200,34.017,34.508,33.968,34.467,252.3025
05.08.2021 23:00:00.000 GMT+0200,34.582,34.582,34.127,34.227,375.28249999999997
06.08.2021 23:00:00.000 GMT+0200,34.227,34.227,34.227,34.227,0
07.08.2021 23:00:00.000 GMT+0200,34.227,34.227,34.227,34.227,0
08.08.2021 23:00:00.000 GMT+0200,34.347,34.748,34.347,34.612,318.9575
09.08.2021 23:00:00.000 GMT+0200,34.668,35.018,34.668,34.708,303.26750000000004
10.08.2021 23:00:00.000 GMT+0200,34.597,34.733,34.432,34.447,294.18
11.08.2021 23:00:00.000 GMT+0200,34.392,34.693,34.242,34.638,310.34
12.08.2021 23:00:00.000 GMT+0200,34.483,34.628,34.483,34.562,290.66249999999997
13.08.2021 23:00:00.000 GMT+0200,34.562,34.562,34.562,34.562,0
14.08.2021 23:00:00.000 GMT+0200,34.562,34.562,34.562,34.562,0
15.08.2021 23:00:00.000 GMT+0200,34.378,34.617,34.322,34.417,328.9325
16.08.2021 23:00:00.000 GMT+0200,34.473,34.832,34.388,34.782,279.61500000000007
17.08.2021 23:00:00.000 GMT+0200,34.898,35.128,34.897,35.047,217.4375
18.08.2021 23:00:00.000 GMT+0200,34.592,34.773,34.258,34.648,296.105
19.08.2021 23:00:00.000 GMT+0200,34.693,35.153,34.482,35.033,415.40999999999997
20.08.2021 23:00:00.000 GMT+0200,35.033,35.033,35.033,35.033,0
21.08.2021 23:00:00.000 GMT+0200,35.033,35.033,35.033,35.033,0
22.08.2021 23:00:00.000 GMT+0200,35.218,35.358,35.103,35.338,297.30499999999995
23.08.2021 23:00:00.000 GMT+0200,35.462,35.623,35.392,35.482,266.65
24.08.2021 23:00:00.000 GMT+0200,35.523,35.613,35.267,35.292,195.65249999999997
25.08.2021 23:00:00.000 GMT+0200,35.073,35.248,35.002,35.088,199.1425
26.08.2021 23:00:00.000 GMT+0200,35.088,35.428,35.042,35.352,122.47000000000001
27.08.2021 23:00:00.000 GMT+0200,35.352,35.352,35.352,35.352,0
28.08.2021 23:00:00.000 GMT+0200,35.352,35.352,35.352,35.352,0
29.08.2021 23:00:00.000 GMT+0200,35.368,35.712,35.368,35.668,98.3925
30.08.2021 23:00:00.000 GMT+0200,35.712,35.863,35.118,35.222,203.6625
31.08.2021 23:00:00.000 GMT+0200,35.598,35.743,35.257,35.552,238.9275
01.09.2021 23:00:00.000 GMT+0200,35.662,35.858,35.517,35.728,137.3125
02.09.2021 23:00:00.000 GMT+0200,35.657,35.743,35.192,35.547,211.78999999999996
03.09.2021 23:00:00.000 GMT+0200,35.547,35.547,35.547,35.547,0
04.09.2021 23:00:00.000 GMT+0200,35.547,35.547,35.547,35.547,0
05.09.2021 23:00:00.000 GMT+0200,35.748,35.903,35.703,35.857,131.9575
06.09.2021 23:00:00.000 GMT+0200,35.947,36.052,35.827,35.943,182.485
07.09.2021 23:00:00.000 GMT+0200,35.642,35.807,35.467,35.567,254.00750000000002
08.09.2021 23:00:00.000 GMT+0200,35.317,35.696,35.282,35.538,218.43
09.09.2021 23:00:00.000 GMT+0200,35.673,35.768,35.542,35.607,252.37000000000003
10.09.2021 23:00:00.000 GMT+0200,35.607,35.607,35.607,35.607,0
11.09.2021 23:00:00.000 GMT+0200,35.607,35.607,35.607,35.607,0
12.09.2021 23:00:00.000 GMT+0200,35.643,35.643,34.902,34.932,230.325
13.09.2021 23:00:00.000 GMT+0200,34.908,35.457,34.842,35.437,235.83749999999998
14.09.2021 23:00:00.000 GMT+0200,35.522,35.522,35.177,35.188,233.34500000000006
15.09.2021 23:00:00.000 GMT+0200,35.218,35.278,34.997,35.232,197.5625
16.09.2021 23:00:00.000 GMT+0200,35.462,35.703,35.147,35.147,390.58
17.09.2021 23:00:00.000 GMT+0200,35.147,35.147,35.147,35.147,0
18.09.2021 23:00:00.000 GMT+0200,35.147,35.147,35.147,35.147,0
19.09.2021 23:00:00.000 GMT+0200,34.648,34.748,34.228,34.552,532.4125
20.09.2021 23:00:00.000 GMT+0200,34.612,35.343,34.612,35.233,287.78
21.09.2021 23:00:00.000 GMT+0200,35.383,35.393,35.003,35.168,597.7025
22.09.2021 23:00:00.000 GMT+0200,35.412,35.793,35.407,35.682,396.92500000000007
23.09.2021 23:00:00.000 GMT+0200,35.612,35.723,35.088,35.198,311.6375
24.09.2021 23:00:00.000 GMT+0200,35.198,35.198,35.198,35.198,0
25.09.2021 23:00:00.000 GMT+0200,35.198,35.198,35.198,35.198,0
26.09.2021 23:00:00.000 GMT+0200,35.513,35.523,34.692,34.713,288.7175
27.09.2021 23:00:00.000 GMT+0200,34.397,34.468,33.578,33.757,542.9275
28.09.2021 23:00:00.000 GMT+0200,33.977,34.223,33.647,33.647,288.48499999999996
29.09.2021 23:00:00.000 GMT+0200,33.903,34.207,33.647,33.808,284.5425
30.09.2021 23:00:00.000 GMT+0200,33.237,33.557,33.097,33.118,779.6075000000001
01.10.2021 23:00:00.000 GMT+0200,33.118,33.118,33.118,33.118,0
02.10.2021 23:00:00.000 GMT+0200,33.118,33.118,33.118,33.118,0
03.10.2021 23:00:00.000 GMT+0200,32.933,33.257,32.667,32.733,582.0300000000001
04.10.2021 23:00:00.000 GMT+0200,32.727,33.268,32.673,33.208,326.06750000000005
05.10.2021 23:00:00.000 GMT+0200,32.698,32.743,32.268,32.543,424.465
06.10.2021 23:00:00.000 GMT+0200,32.762,32.848,32.252,32.632,352.7674999999999
07.10.2021 23:00:00.000 GMT+0200,32.627,32.688,32.317,32.398,267.5825
08.10.2021 23:00:00.000 GMT+0200,32.398,32.398,32.398,32.398,0
09.10.2021 23:00:00.000 GMT+0200,32.398,32.398,32.398,32.398,0
10.10.2021 23:00:00.000 GMT+0200,32.248,32.438,31.942,32.262,194.09000000000003
11.10.2021 23:00:00.000 GMT+0200,31.957,32.593,31.917,32.342,327.92249999999996
12.10.2021 23:00:00.000 GMT+0200,32.373,33.143,32.373,32.922,224.13
13.10.2021 23:00:00.000 GMT+0200,33.107,33.523,33.042,33.498,198.21250000000003
14.10.2021 23:00:00.000 GMT+0200,33.527,33.652,33.457,33.623,280.4725
15.10.2021 23:00:00.000 GMT+0200,33.623,33.623,33.623,33.623,0
16.10.2021 23:00:00.000 GMT+0200,33.623,33.623,33.623,33.623,0
17.10.2021 23:00:00.000 GMT+0200,33.497,33.618,33.377,33.608,343.12250000000006
18.10.2021 23:00:00.000 GMT+0200,33.688,33.818,33.387,33.807,352.2
19.10.2021 23:00:00.000 GMT+0200,33.653,34.003,33.602,33.878,421.08250000000004
20.10.2021 23:00:00.000 GMT+0200,33.793,34.388,33.792,34.103,240.33
21.10.2021 23:00:00.000 GMT+0200,34.333,34.462,34.137,34.307,210.01000000000002
22.10.2021 23:00:00.000 GMT+0200,34.307,34.307,34.307,34.307,0
23.10.2021 23:00:00.000 GMT+0200,34.307,34.307,34.307,34.307,0
24.10.2021 23:00:00.000 GMT+0200,34.268,34.577,34.207,34.573,241.7675
25.10.2021 23:00:00.000 GMT+0200,34.718,34.963,34.533,34.747,220.855
26.10.2021 23:00:00.000 GMT+0200,34.707,34.803,34.383,34.383,186.6675
27.10.2021 23:00:00.000 GMT+0200,34.303,34.618,34.237,34.612,217.07250000000005
28.10.2021 23:00:00.000 GMT+0200,34.283,34.523,34.152,34.503,453.7375
29.10.2021 23:00:00.000 GMT+0200,34.503,34.503,34.503,34.503,0
30.10.2021 23:00:00.000 GMT+0200,34.503,34.503,34.503,34.503,0
31.10.2021 22:00:00.000 GMT+0100,34.783,34.938,34.727,34.937,299.86250000000007
01.11.2021 22:00:00.000 GMT+0100,34.877,35.178,34.877,35.042,381.38750000000005
02.11.2021 22:00:00.000 GMT+0100,35.227,35.578,35.212,35.333,493.97749999999996
03.11.2021 22:00:00.000 GMT+0100,35.548,35.643,35.282,35.603,354.3299999999999
04.11.2021 22:00:00.000 GMT+0100,35.632,35.938,34.817,35.117,527.205
05.11.2021 22:00:00.000 GMT+0100,35.117,35.117,35.117,35.117,0
06.11.2021 22:00:00.000 GMT+0100,35.117,35.117,35.117,35.117,0
07.11.2021 23:00:00.000 GMT+0100,35.233,35.513,35.217,35.453,461.2199999999999
08.11.2021 23:00:00.000 GMT+0100,35.398,35.458,35.173,35.222,344.18
09.11.2021 23:00:00.000 GMT+0100,35.257,35.293,34.722,34.967,363.8175
10.11.2021 23:00:00.000 GMT+0100,34.828,35.073,34.537,35.013,188.42749999999998
11.11.2021 23:00:00.000 GMT+0100,34.993,35.218,34.948,35.202,214.09
12.11.2021 23:00:00.000 GMT+0100,35.202,35.202,35.202,35.202,0
13.11.2021 23:00:00.000 GMT+0100,35.202,35.202,35.202,35.202,0
14.11.2021 23:00:00.000 GMT+0100,35.172,35.263,34.967,35.138,170.14499999999998
15.11.2021 23:00:00.000 GMT+0100,35.162,35.442,35.057,35.397,236.39999999999995
16.11.2021 23:00:00.000 GMT+0100,35.478,35.872,35.457,35.612,209.26500000000001
17.11.2021 23:00:00.000 GMT+0100,35.697,35.968,35.682,35.763,191.3
18.11.2021 23:00:00.000 GMT+0100,35.827,36.193,35.772,35.987,388.83000000000004
19.11.2021 23:00:00.000 GMT+0100,35.987,35.987,35.987,35.987,0
20.11.2021 23:00:00.000 GMT+0100,35.987,35.987,35.987,35.987,0
21.11.2021 23:00:00.000 GMT+0100,36.073,36.188,35.607,35.607,179.1825
22.11.2021 23:00:00.000 GMT+0100,35.082,35.138,34.657,34.808,346.26000000000005
23.11.2021 23:00:00.000 GMT+0100,34.847,34.873,34.098,34.562,310.96250000000003
24.11.2021 23:00:00.000 GMT+0100,34.773,35.043,34.682,34.908,245.0325
25.11.2021 23:00:00.000 GMT+0100,34.493,35.103,34.377,34.843,355.0924999999999
26.11.2021 23:00:00.000 GMT+0100,34.843,34.843,34.843,34.843,0
27.11.2021 23:00:00.000 GMT+0100,34.843,34.843,34.843,34.843,0
28.11.2021 23:00:00.000 GMT+0100,34.622,34.862,34.442,34.697,393.94749999999993
29.11.2021 23:00:00.000 GMT+0100,34.527,35.203,34.448,34.818,418.6525
30.11.2021 23:00:00.000 GMT+0100,34.777,35.043,34.337,34.978,392.4925
01.12.2021 23:00:00.000 GMT+0100,34.653,34.718,33.912,34.093,452.87250000000006
02.12.2021 23:00:00.000 GMT+0100,34.268,34.553,33.822,33.863,398.66749999999996
03.12.2021 23:00:00.000 GMT+0100,33.863,33.863,33.863,33.863,0
04.12.2021 23:00:00.000 GMT+0100,33.863,33.863,33.863,33.863,0
05.12.2021 23:00:00.000 GMT+0100,34.157,34.288,33.727,33.838,245.95000000000002
06.12.2021 23:00:00.000 GMT+0100,34.297,35.127,34.292,35.112,270.68250000000006
07.12.2021 23:00:00.000 GMT+0100,34.973,35.288,34.793,34.873,303.9225
08.12.2021 23:00:00.000 GMT+0100,34.933,35.127,34.782,34.877,207.8475
09.12.2021 23:00:00.000 GMT+0100,34.447,34.763,34.187,34.587,175.27
10.12.2021 23:00:00.000 GMT+0100,34.587,34.587,34.587,34.587,0
11.12.2021 23:00:00.000 GMT+0100,34.587,34.587,34.587,34.587,0
12.12.2021 23:00:00.000 GMT+0100,34.597,35.128,34.597,34.813,31.5835
13.12.2021 23:00:00.000 GMT+0100,34.793,34.903,34.092,34.202,43.5295
14.12.2021 23:00:00.000 GMT+0100,34.308,34.648,34.268,34.623,43.220800000000004
15.12.2021 23:00:00.000 GMT+0100,35.177,35.278,34.497,34.547,60.244400000000006
16.12.2021 23:00:00.000 GMT+0100,34.298,34.523,34.017,34.467,62.178200000000004
17.12.2021 23:00:00.000 GMT+0100,34.467,34.467,34.467,34.467,0
18.12.2021 23:00:00.000 GMT+0100,34.467,34.467,34.467,34.467,0
19.12.2021 23:00:00.000 GMT+0100,33.818,34.268,33.807,34.192,55.5283
20.12.2021 23:00:00.000 GMT+0100,34.487,34.508,34.148,34.222,37.139599999999994
21.12.2021 23:00:00.000 GMT+0100,34.443,34.647,34.283,34.647,40.63739999999999
22.12.2021 23:00:00.000 GMT+0100,34.717,34.948,34.572,34.933,32.416
23.12.2021 23:00:00.000 GMT+0100,34.933,34.933,34.933,34.933,0
24.12.2021 23:00:00.000 GMT+0100,34.933,34.933,34.933,34.933,0
25.12.2021 23:00:00.000 GMT+0100,34.933,34.933,34.933,34.933,0
26.12.2021 23:00:00.000 GMT+0100,34.813,35.308,34.797,35.233,21.262800000000002
27.12.2021 23:00:00.000 GMT+0100,35.207,35.618,35.207,35.452,19.308500000000002
28.12.2021 23:00:00.000 GMT+0100,35.208,35.452,35.057,35.222,23.119600000000002
29.12.2021 23:00:00.000 GMT+0100,35.268,35.428,35.242,35.337,11.172099999999999
30.12.2021 23:00:00.000 GMT+0100,35.337,35.337,35.337,35.337,0
31.12.2021 23:00:00.000 GMT+0100,35.337,35.337,35.337,35.337,0
01.01.2022 23:00:00.000 GMT+0100,35.337,35.337,35.337,35.337,0
02.01.2022 23:00:00.000 GMT+0100,35.563,35.613,35.182,35.392,35.9362
03.01.2022 23:00:00.000 GMT+0100,35.472,35.493,34.488,34.568,65.6682
04.01.2022 23:00:00.000 GMT+0100,34.517,34.673,34.357,34.508,37.078599999999994
05.01.2022 23:00:00.000 GMT+0100,34.002,34.078,33.452,33.813,51.179300000000005
06.01.2022 23:00:00.000 GMT+0100,33.627,33.758,33.247,33.423,62.798300000000005
07.01.2022 23:00:00.000 GMT+0100,33.423,33.423,33.423,33.423,0
08.01.2022 23:00:00.000 GMT+0100,33.423,33.423,33.423,33.423,0
09.01.2022 23:00:00.000 GMT+0100,33.538,33.543,32.247,32.402,71.7093
10.01.2022 23:00:00.000 GMT+0100,32.797,33.028,32.672,32.858,88.08810000000001
11.01.2022 23:00:00.000 GMT+0100,33.113,33.188,32.837,32.967,60.1026
12.01.2022 23:00:00.000 GMT+0100,32.783,32.918,32.307,32.417,57.9899
13.01.2022 23:00:00.000 GMT+0100,32.052,32.218,31.802,31.873,68.88369999999999
14.01.2022 23:00:00.000 GMT+0100,31.873,31.873,31.873,31.873,0
15.01.2022 23:00:00.000 GMT+0100,31.873,31.873,31.873,31.873,0
16.01.2022 23:00:00.000 GMT+0100,31.878,32.148,31.652,32.088,49.68770000000001
17.01.2022 23:00:00.000 GMT+0100,31.907,31.908,31.412,31.572,70.9255
18.01.2022 23:00:00.000 GMT+0100,31.223,32.068,31.202,31.788,62.9173
19.01.2022 23:00:00.000 GMT+0100,32.098,32.358,31.717,32.358,57.94670000000001
20.01.2022 23:00:00.000 GMT+0100,31.947,31.968,31.317,31.603,62.2158
21.01.2022 23:00:00.000 GMT+0100,31.603,31.603,31.603,31.603,0
22.01.2022 23:00:00.000 GMT+0100,31.603,31.603,31.603,31.603,0
23.01.2022 23:00:00.000 GMT+0100,31.358,31.443,30.067,30.227,108.09979999999999
24.01.2022 23:00:00.000 GMT+0100,30.453,30.457,29.997,30.283,89.36030000000001
25.01.2022 23:00:00.000 GMT+0100,30.553,30.917,30.423,30.762,69.3851
26.01.2022 23:00:00.000 GMT+0100,30.062,30.793,29.922,30.722,89.5461
27.01.2022 23:00:00.000 GMT+0100,30.688,30.848,30.327,30.748,89.9953
28.01.2022 23:00:00.000 GMT+0100,30.748,30.748,30.748,30.748,0
29.01.2022 23:00:00.000 GMT+0100,30.748,30.748,30.748,30.748,0
30.01.2022 23:00:00.000 GMT+0100,31.148,31.333,30.882,31.073,74.6186
31.01.2022 23:00:00.000 GMT+0100,31.477,31.738,31.302,31.507,67.6439
01.02.2022 23:00:00.000 GMT+0100,31.842,32.097,31.802,31.808,64.26930000000002
02.02.2022 23:00:00.000 GMT+0100,31.588,31.837,31.132,31.148,84.6381
03.02.2022 23:00:00.000 GMT+0100,31.223,31.297,30.637,30.667,83.90579999999999
04.02.2022 23:00:00.000 GMT+0100,30.667,30.667,30.667,30.667,0
05.02.2022 23:00:00.000 GMT+0100,30.667,30.667,30.667,30.667,0
06.02.2022 23:00:00.000 GMT+0100,30.827,30.903,30.487,30.802,62.48420000000001
07.02.2022 23:00:00.000 GMT+0100,30.642,30.703,30.107,30.342,68.82230000000001
08.02.2022 23:00:00.000 GMT+0100,30.818,31.143,30.788,30.993,62.546600000000005
09.02.2022 23:00:00.000 GMT+0100,31.067,31.067,30.328,30.498,65.2968
10.02.2022 23:00:00.000 GMT+0100,30.198,30.433,29.977,30.103,70.1437
11.02.2022 23:00:00.000 GMT+0100,30.103,30.103,30.103,30.103,0
12.02.2022 23:00:00.000 GMT+0100,30.103,30.103,30.103,30.103,0
13.02.2022 23:00:00.000 GMT+0100,29.408,29.483,29.007,29.443,123.6857
14.02.2022 23:00:00.000 GMT+0100,29.587,30.193,29.557,30.108,92.77359999999999
15.02.2022 23:00:00.000 GMT+0100,30.172,30.368,29.723,29.973,64.313
16.02.2022 23:00:00.000 GMT+0100,30.007,30.103,29.527,29.597,91.8918
17.02.2022 23:00:00.000 GMT+0100,29.478,29.593,28.902,28.962,82.25999999999999
18.02.2022 23:00:00.000 GMT+0100,28.962,28.962,28.962,28.962,0
19.02.2022 23:00:00.000 GMT+0100,28.962,28.962,28.962,28.962,0
20.02.2022 23:00:00.000 GMT+0100,28.947,28.947,28.203,28.417,65.2499
21.02.2022 23:00:00.000 GMT+0100,27.688,28.578,27.677,28.302,128.25379999999998
22.02.2022 23:00:00.000 GMT+0100,28.452,28.773,28.227,28.268,101.1522
23.02.2022 23:00:00.000 GMT+0100,27.158,27.933,26.997,27.848,136.14659999999998
24.02.2022 23:00:00.000 GMT+0100,28.237,28.773,27.972,28.718,121.67880000000001
25.02.2022 23:00:00.000 GMT+0100,28.718,28.718,28.718,28.718,0
26.02.2022 23:00:00.000 GMT+0100,28.718,28.718,28.718,28.718,0
27.02.2022 23:00:00.000 GMT+0100,28.342,29.188,28.327,29.138,126.1201
28.02.2022 23:00:00.000 GMT+0100,29.033,29.043,28.298,28.752,111.78069999999987
01.03.2022 23:00:00.000 GMT+0100,28.553,29.063,28.322,28.907,121.15840000000007
02.03.2022 23:00:00.000 GMT+0100,28.998,29.098,28.322,28.377,94.33909999999997
03.03.2022 23:00:00.000 GMT+0100,28.028,28.363,27.362,27.408,141.68679999999992
04.03.2022 23:00:00.000 GMT+0100,27.408,27.408,27.408,27.408,0
05.03.2022 23:00:00.000 GMT+0100,27.408,27.408,27.408,27.408,0
06.03.2022 23:00:00.000 GMT+0100,26.733,27.598,26.348,27.022,160.90990000000002
07.03.2022 23:00:00.000 GMT+0100,26.873,27.458,26.062,26.273,159.88739999999996
08.03.2022 23:00:00.000 GMT+0100,26.913,27.848,26.742,27.773,127.99249999999992
09.03.2022 23:00:00.000 GMT+0100,27.868,27.983,27.153,27.232,143.76960000000008
10.03.2022 23:00:00.000 GMT+0100,27.143,28.177,27.003,27.683,176.4770999999998
11.03.2022 23:00:00.000 GMT+0100,27.683,27.683,27.683,27.683,0
12.03.2022 23:00:00.000 GMT+0100,27.683,27.683,27.683,27.683,0
13.03.2022 22:00:00.000 GMT+0100,27.757,28.293,27.557,28.073,112.30589999999992
14.03.2022 22:00:00.000 GMT+0100,27.793,28.213,27.462,28.068,125.52089999999987
15.03.2022 22:00:00.000 GMT+0100,28.642,29.333,28.627,29.273,107.25250000000015
16.03.2022 22:00:00.000 GMT+0100,29.453,29.547,29.003,29.313,85.0177000000001
17.03.2022 22:00:00.000 GMT+0100,29.308,29.673,28.908,29.648,107.8533
18.03.2022 22:00:00.000 GMT+0100,29.648,29.648,29.648,29.648,0
19.03.2022 22:00:00.000 GMT+0100,29.648,29.648,29.648,29.648,0